[  {    "country_name": "Afghanistan",    "phone_code": "+93",    "code": "AF"  },  {    "country_name": "Albania",    "phone_code": "+355",    "code": "AL"  },  {    "country_name": "Algeria",    "phone_code": "+213",    "code": "DZ"  },  {    "country_name": "AmericanSamoa",    "phone_code": "+1 684",    "code": "AS"  },  {    "country_name": "Andorra",    "phone_code": "+376",    "code": "AD"  },  {    "country_name": "Angola",    "phone_code": "+244",    "code": "AO"  },  {    "country_name": "Anguilla",    "phone_code": "+1 264",    "code": "AI"  },  {    "country_name": "Åland Islands",    "phone_code": "+358",    "code": "AX"  },  {    "country_name": "Antarctica",    "phone_code": "+1111",    "code": "AQ"  },  {    "country_name": "Antigua and Barbuda",    "phone_code": "+1268",    "code": "AG"  },  {    "country_name": "Argentina",    "phone_code": "+54",    "code": "AR"  },  {    "country_name": "Armenia",    "phone_code": "+374",    "code": "AM"  },  {    "country_name": "Aruba",    "phone_code": "+297",    "code": "AW"  },  {    "country_name": "Australia",    "phone_code": "+61",    "code": "AU"  },  {    "country_name": "Austria",    "phone_code": "+43",    "code": "AT"  },  {    "country_name": "Azerbaijan",    "phone_code": "+994",    "code": "AZ"  },  {    "country_name": "Bahamas",    "phone_code": "+1 242",    "code": "BS"  },  {    "country_name": "Bahrain",    "phone_code": "+973",    "code": "BH"  },  {    "country_name": "Bangladesh",    "phone_code": "+880",    "code": "BD"  },  {    "country_name": "Barbados",    "phone_code": "+1 246",    "code": "BB"  },  {    "country_name": "Belarus",    "phone_code": "+375",    "code": "BY"  },  {    "country_name": "Belgium",    "phone_code": "+32",    "code": "BE"  },  {    "country_name": "Belize",    "phone_code": "+501",    "code": "BZ"  },  {    "country_name": "Benin",    "phone_code": "+229",    "code": "BJ"  },  {    "country_name": "Bermuda",    "phone_code": "+1 441",    "code": "BM"  },  {    "country_name": "Bhutan",    "phone_code": "+975",    "code": "BT"  },  {    "country_name": "Bolivia, Plurinational State of",    "phone_code": "+591",    "code": "BO"  },  {    "country_name": "Brunei Darussalam",    "phone_code": "+673",    "code": "BN"  },  {    "country_name": "Bosnia and Herzegovina",    "phone_code": "+387",    "code": "BA"  },  {    "country_name": "Botswana",    "phone_code": "+267",    "code": "BW"  },  {    "country_name": "Brazil",    "phone_code": "+55",    "code": "BR"  },  {    "country_name": "British Indian Ocean Territory",    "phone_code": "+246",    "code": "IO"  },  {    "country_name": "Bulgaria",    "phone_code": "+359",    "code": "BG"  },  {    "country_name": "Burkina Faso",    "phone_code": "+226",    "code": "BF"  },  {    "country_name": "Burundi",    "phone_code": "+257",    "code": "BI"  },  {    "country_name": "Cambodia",    "phone_code": "+855",    "code": "KH"  },  {    "country_name": "Cameroon",    "phone_code": "+237",    "code": "CM"  },  {    "country_name": "Canada",    "phone_code": "+1",    "code": "CA"  },  {    "country_name": "Cape Verde",    "phone_code": "+238",    "code": "CV"  },  {    "country_name": "Cayman Islands",    "phone_code": "+1345",    "code": "KY"  },  {    "country_name": "Central African Republic",    "phone_code": "+236",    "code": "CF"  },  {    "country_name": "Chad",    "phone_code": "+235",    "code": "TD"  },  {    "country_name": "Chile",    "phone_code": "+56",    "code": "CL"  },  {    "country_name": "China",    "phone_code": "+86",    "code": "CN"  },  {    "country_name": "Christmas Island",    "phone_code": "+61",    "code": "CX"  },  {    "country_name": "Cocos (Keeling) Islands",    "phone_code": "+61",    "code": "CC"  },  {    "country_name": "Congo, The Democratic Republic of the",    "phone_code": "+243",    "code": "CD"  },  {    "country_name": "Cote d'Ivoire",    "phone_code": "+225",    "code": "CI"  },  {    "country_name": "Colombia",    "phone_code": "+57",    "code": "CO"  },  {    "country_name": "Comoros",    "phone_code": "+269",    "code": "KM"  },  {    "country_name": "Congo",    "phone_code": "+242",    "code": "CG"  },  {    "country_name": "Cook Islands",    "phone_code": "+682",    "code": "CK"  },  {    "country_name": "Costa Rica",    "phone_code": "+506",    "code": "CR"  },  {    "country_name": "Croatia",    "phone_code": "+385",    "code": "HR"  },  {    "country_name": "Cuba",    "phone_code": "+53",    "code": "CU"  },  {    "country_name": "Cyprus",    "phone_code": "+537",    "code": "CY"  },  {    "country_name": "Czech Republic",    "phone_code": "+420",    "code": "CZ"  },  {    "country_name": "Denmark",    "phone_code": "+45",    "code": "DK"  },  {    "country_name": "Djibouti",    "phone_code": "+253",    "code": "DJ"  },  {    "country_name": "Dominica",    "phone_code": "+1 767",    "code": "DM"  },  {    "country_name": "Dominican Republic",    "phone_code": "+1 849",    "code": "DO"  },  {    "country_name": "Ecuador",    "phone_code": "+593",    "code": "EC"  },  {    "country_name": "Egypt",    "phone_code": "+20",    "code": "EG"  },  {    "country_name": "El Salvador",    "phone_code": "+503",    "code": "SV"  },  {    "country_name": "Equatorial Guinea",    "phone_code": "+240",    "code": "GQ"  },  {    "country_name": "Eritrea",    "phone_code": "+291",    "code": "ER"  },  {    "country_name": "Estonia",    "phone_code": "+372",    "code": "EE"  },  {    "country_name": "Ethiopia",    "phone_code": "+251",    "code": "ET"  },  {    "country_name": "Falkland Islands (Malvinas)",    "phone_code": "+500",    "code": "FK"  },  {    "country_name": "Faroe Islands",    "phone_code": "+298",    "code": "FO"  },  {    "country_name": "Fiji",    "phone_code": "+679",    "code": "FJ"  },  {    "country_name": "Finland",    "phone_code": "+358",    "code": "FI"  },  {    "country_name": "France",    "phone_code": "+33",    "code": "FR"  },  {    "country_name": "French Guiana",    "phone_code": "+594",    "code": "GF"  },  {    "country_name": "French Polynesia",    "phone_code": "+689",    "code": "PF"  },  {    "country_name": "Gabon",    "phone_code": "+241",    "code": "GA"  },  {    "country_name": "Gambia",    "phone_code": "+220",    "code": "GM"  },  {    "country_name": "Georgia",    "phone_code": "+995",    "code": "GE"  },  {    "country_name": "Germany",    "phone_code": "+49",    "code": "DE"  },  {    "country_name": "Ghana",    "phone_code": "+233",    "code": "GH"  },  {    "country_name": "Gibraltar",    "phone_code": "+350",    "code": "GI"  },  {    "country_name": "Greece",    "phone_code": "+30",    "code": "GR"  },  {    "country_name": "Greenland",    "phone_code": "+299",    "code": "GL"  },  {    "country_name": "Grenada",    "phone_code": "+1 473",    "code": "GD"  },  {    "country_name": "Guadeloupe",    "phone_code": "+590",    "code": "GP"  },  {    "country_name": "Guam",    "phone_code": "+1 671",    "code": "GU"  },  {    "country_name": "Guatemala",    "phone_code": "+502",    "code": "GT"  },  {    "country_name": "Guinea",    "phone_code": "+224",    "code": "GN"  },  {    "country_name": "Guinea-Bissau",    "phone_code": "+245",    "code": "GW"  },  {    "country_name": "Guernsey",    "phone_code": "+44",    "code": "GG"  },  {    "country_name": "Guyana",    "phone_code": "+595",    "code": "GY"  },  {    "country_name": "Haiti",    "phone_code": "+509",    "code": "HT"  },  {    "country_name": "Honduras",    "phone_code": "+504",    "code": "HN"  },  {    "country_name": "Hong Kong",    "phone_code": "+852",    "code": "HK"  },  {    "country_name": "Hungary",    "phone_code": "+36",    "code": "HU"  },  {    "country_name": "India",    "phone_code": "+91",    "code": "IN"  },  {    "country_name": "Iceland",    "phone_code": "+354",    "code": "IS"  },  {    "country_name": "Indonesia",    "phone_code": "+62",    "code": "ID"  },  {    "country_name": "Iraq",    "phone_code": "+964",    "code": "IQ"  },  {    "country_name": "Ireland",    "phone_code": "+353",    "code": "IE"  },  {    "country_name": "Israel",    "phone_code": "+972",    "code": "IL"  },  {    "country_name": "Italy",    "phone_code": "+39",    "code": "IT"  },  {    "country_name": "Jamaica",    "phone_code": "+1 876",    "code": "JM"  },  {    "country_name": "Japan",    "phone_code": "+81",    "code": "JP"  },  {    "country_name": "Jersey",    "phone_code": "+44",    "code": "JE"  },  {    "country_name": "Jordan",    "phone_code": "+962",    "code": "JO"  },  {    "country_name": "Kazakhstan",    "phone_code": "+7 7",    "code": "KZ"  },  {    "country_name": "Kenya",    "phone_code": "+254",    "code": "KE"  },  {    "country_name": "Kiribati",    "phone_code": "+686",    "code": "KI"  },  {    "country_name": "Korea, Democratic People's Republic of",    "phone_code": "+850",    "code": "KP"  },  {    "country_name": "Korea, Republic of",    "phone_code": "+82",    "code": "KR"  },  {    "country_name": "Kuwait",    "phone_code": "+965",    "code": "KW"  },  {    "country_name": "Kyrgyzstan",    "phone_code": "+996",    "code": "KG"  },  {    "country_name": "Latvia",    "phone_code": "+371",    "code": "LV"  },  {    "country_name": "Lebanon",    "phone_code": "+961",    "code": "LB"  },  {    "country_name": "Lesotho",    "phone_code": "+266",    "code": "LS"  },  {    "country_name": "Liberia",    "phone_code": "+231",    "code": "LR"  },  {    "country_name": "Libyan Arab Jamahiriya",    "phone_code": "+218",    "code": "LY"  },  {    "country_name": "Liechtenstein",    "phone_code": "+423",    "code": "LI"  },  {    "country_name": "Lithuania",    "phone_code": "+370",    "code": "LT"  },  {    "country_name": "Luxembourg",    "phone_code": "+352",    "code": "LU"  },  {    "country_name": "Macao",    "phone_code": "+853",    "code": "MO"  },  {    "country_name": "Madagascar",    "phone_code": "+261",    "code": "MG"  },  {    "country_name": "Malawi",    "phone_code": "+265",    "code": "MW"  },  {    "country_name": "Malaysia",    "phone_code": "+60",    "code": "MY"  },  {    "country_name": "Maldives",    "phone_code": "+960",    "code": "MV"  },  {    "country_name": "Mali",    "phone_code": "+223",    "code": "ML"  },  {    "country_name": "Malta",    "phone_code": "+356",    "code": "MT"  },  {    "country_name": "Marshall Islands",    "phone_code": "+692",    "code": "MH"  },  {    "country_name": "Martinique",    "phone_code": "+596",    "code": "MQ"  },  {    "country_name": "Mauritania",    "phone_code": "+222",    "code": "MR"  },  {    "country_name": "Mauritius",    "phone_code": "+230",    "code": "MU"  },  {    "country_name": "Mayotte",    "phone_code": "+262",    "code": "YT"  },  {    "country_name": "Mexico",    "phone_code": "+52",    "code": "MX"  },  {    "country_name": "Monaco",    "phone_code": "+377",    "code": "MC"  },  {    "country_name": "Mongolia",    "phone_code": "+976",    "code": "MN"  },  {    "country_name": "Montenegro",    "phone_code": "+382",    "code": "ME"  },  {    "country_name": "Montserrat",    "phone_code": "+1664",    "code": "MS"  },  {    "country_name": "Morocco",    "phone_code": "+212",    "code": "MA"  },  {    "country_name": "Mozambique",    "phone_code": "+258",    "code": "MZ"  },  {    "country_name": "Myanmar",    "phone_code": "+95",    "code": "MM"  },  {    "country_name": "Namibia",    "phone_code": "+264",    "code": "NA"  },  {    "country_name": "Nauru",    "phone_code": "+674",    "code": "NR"  },  {    "country_name": "Nepal",    "phone_code": "+977",    "code": "NP"  },  {    "country_name": "Netherlands",    "phone_code": "+31",    "code": "NL"  },  {    "country_name": "Netherlands Antilles",    "phone_code": "+599",    "code": "AN"  },  {    "country_name": "New Caledonia",    "phone_code": "+687",    "code": "NC"  },  {    "country_name": "New Zealand",    "phone_code": "+64",    "code": "NZ"  },  {    "country_name": "Nicaragua",    "phone_code": "+505",    "code": "NI"  },  {    "country_name": "Niger",    "phone_code": "+227",    "code": "NE"  },  {    "country_name": "Nigeria",    "phone_code": "+234",    "code": "NG"  },  {    "country_name": "Niue",    "phone_code": "+683",    "code": "NU"  },  {    "country_name": "Norfolk Island",    "phone_code": "+672",    "code": "NF"  },  {    "country_name": "Northern Mariana Islands",    "phone_code": "+1 670",    "code": "MP"  },  {    "country_name": "Norway",    "phone_code": "+47",    "code": "NO"  },  {    "country_name": "Oman",    "phone_code": "+968",    "code": "OM"  },  {    "country_name": "Pakistan",    "phone_code": "+92",    "code": "PK"  },  {    "country_name": "Palau",    "phone_code": "+680",    "code": "PW"  },  {    "country_name": "Panama",    "phone_code": "+507",    "code": "PA"  },  {    "country_name": "Papua New Guinea",    "phone_code": "+675",    "code": "PG"  },  {    "country_name": "Paraguay",    "phone_code": "+595",    "code": "PY"  },  {    "country_name": "Palestinian Territory, Occupied",    "phone_code": "+970",    "code": "PS"  },  {    "country_name": "Pitcairn",    "phone_code": "+872",    "code": "PN"  },  {    "country_name": "Peru",    "phone_code": "+51",    "code": "PE"  },  {    "country_name": "Philippines",    "phone_code": "+63",    "code": "PH"  },  {    "country_name": "Poland",    "phone_code": "+48",    "code": "PL"  },  {    "country_name": "Portugal",    "phone_code": "+351",    "code": "PT"  },  {    "country_name": "Puerto Rico",    "phone_code": "+1 939",    "code": "PR"  },  {    "country_name": "Qatar",    "phone_code": "+974",    "code": "QA"  },  {    "country_name": "Réunion",    "phone_code": "+262",    "code": "RE"  },  {    "country_name": "Romania",    "phone_code": "+40",    "code": "RO"  },  {    "country_name": "Russia",    "phone_code": "+7",    "code": "RU"  },  {    "country_name": "Rwanda",    "phone_code": "+250",    "code": "RW"  },  {    "country_name": "Saint Helena, Ascension and Tristan Da Cunha",    "phone_code": "+290",    "code": "SH"  },  {    "country_name": "Saint Kitts and Nevis",    "phone_code": "+1 869",    "code": "KN"  },  {    "country_name": "Saint Lucia",    "phone_code": "+1 758",    "code": "LC"  },  {    "country_name": "Saint Martin",    "phone_code": "+590",    "code": "MF"  },  {    "country_name": "Saint Pierre and Miquelon",    "phone_code": "+508",    "code": "PM"  },  {    "country_name": "Saint Vincent and the Grenadines",    "phone_code": "+1 784",    "code": "VC"  },  {    "country_name": "Sao Tome and Principe",    "phone_code": "+239",    "code": "ST"  },  {    "country_name": "Somalia",    "phone_code": "+252",    "code": "SO"  },  {    "country_name": "Svalbard and Jan Mayen",    "phone_code": "+47",    "code": "SJ"  },  {    "country_name": "Syrian Arab Republic",    "phone_code": "+963",    "code": "SY"  },  {    "country_name": "Samoa",    "phone_code": "+685",    "code": "WS"  },  {    "country_name": "San Marino",    "phone_code": "+378",    "code": "SM"  },  {    "country_name": "Saudi Arabia",    "phone_code": "+966",    "code": "SA"  },  {    "country_name": "Senegal",    "phone_code": "+221",    "code": "SN"  },  {    "country_name": "Serbia",    "phone_code": "+381",    "code": "RS"  },  {    "country_name": "Seychelles",    "phone_code": "+248",    "code": "SC"  },  {    "country_name": "Sierra Leone",    "phone_code": "+232",    "code": "SL"  },  {    "country_name": "Singapore",    "phone_code": "+65",    "code": "SG"  },  {    "country_name": "Slovakia",    "phone_code": "+421",    "code": "SK"  },  {    "country_name": "Slovenia",    "phone_code": "+386",    "code": "SI"  },  {    "country_name": "Solomon Islands",    "phone_code": "+677",    "code": "SB"  },  {    "country_name": "South Africa",    "phone_code": "+27",    "code": "ZA"  },  {    "country_name": "South Georgia and the South Sandwich Islands",    "phone_code": "+500",    "code": "GS"  },  {    "country_name": "Spain",    "phone_code": "+34",    "code": "ES"  },  {    "country_name": "Sri Lanka",    "phone_code": "+94",    "code": "LK"  },  {    "country_name": "Sudan",    "phone_code": "+249",    "code": "SD"  },  {    "country_name": "Suricountry_name",    "phone_code": "+597",    "code": "SR"  },  {    "country_name": "Swaziland",    "phone_code": "+268",    "code": "SZ"  },  {    "country_name": "Sweden",    "phone_code": "+46",    "code": "SE"  },  {    "country_name": "Switzerland",    "phone_code": "+41",    "code": "CH"  },  {    "country_name": "Tajikistan",    "phone_code": "+992",    "code": "TJ"  },  {    "country_name": "Taiwan, Province of China",    "phone_code": "+886",    "code": "TW"  },  {    "country_name": "Tanzania, United Republic of",    "phone_code": "+255",    "code": "TZ"  },  {    "country_name": "Timor-Leste",    "phone_code": "+670",    "code": "TL"  },  {    "country_name": "Thailand",    "phone_code": "+66",    "code": "TH"  },  {    "country_name": "Togo",    "phone_code": "+228",    "code": "TG"  },  {    "country_name": "Tokelau",    "phone_code": "+690",    "code": "TK"  },  {    "country_name": "Tonga",    "phone_code": "+676",    "code": "TO"  },  {    "country_name": "Trinidad and Tobago",    "phone_code": "+1 868",    "code": "TT"  },  {    "country_name": "Tunisia",    "phone_code": "+216",    "code": "TN"  },  {    "country_name": "Turkey",    "phone_code": "+90",    "code": "TR"  },  {    "country_name": "Turkmenistan",    "phone_code": "+993",    "code": "TM"  },  {    "country_name": "Turks and Caicos Islands",    "phone_code": "+1 649",    "code": "TC"  },  {    "country_name": "Tuvalu",    "phone_code": "+688",    "code": "TV"  },  {    "country_name": "Uganda",    "phone_code": "+256",    "code": "UG"  },  {    "country_name": "Ukraine",    "phone_code": "+380",    "code": "UA"  },  {    "country_name": "United Arab Emirates",    "phone_code": "+971",    "code": "AE"  },  {    "country_name": "United Kingdom",    "phone_code": "+44",    "code": "GB"  },  {    "country_name": "United States",    "phone_code": "+1",    "code": "US"  },  {    "country_name": "Uruguay",    "phone_code": "+598",    "code": "UY"  },  {    "country_name": "Uzbekistan",    "phone_code": "+998",    "code": "UZ"  },  {    "country_name": "Vanuatu",    "phone_code": "+678",    "code": "VU"  },  {    "country_name": "Venezuela, Bolivarian Republic of",    "phone_code": "+58",    "code": "VE"  },  {    "country_name": "Viet Nam",    "phone_code": "+84",    "code": "VN"  },  {    "country_name": "Virgin Islands, British",    "phone_code": "+1 284",    "code": "VG"  },  {    "country_name": "Virgin Islands, U.S.",    "phone_code": "+1 340",    "code": "VI"  },  {    "country_name": "Wallis and Futuna",    "phone_code": "+681",    "code": "WF"  },  {    "country_name": "Yemen",    "phone_code": "+967",    "code": "YE"  },  {    "country_name": "Zambia",    "phone_code": "+260",    "code": "ZM"  },  {    "country_name": "Zimbabwe",    "phone_code": "+263",    "code": "ZW"  }]